timestamp,ip_address,status
2025-01-05 12:34:56,192.168.1.10,success
2025-01-05 12:35:01,192.168.1.11,failed
2025-01-05 12:35:05,192.168.1.11,failed
2025-01-05 12:35:10,192.168.1.11,failed
2025-01-05 12:36:00,192.168.1.12,success
2025-01-05 12:36:10,192.168.1.13,failed
2025-01-05 12:36:15,192.168.1.13,failed
2025-01-05 12:36:20,192.168.1.13,failed
2025-01-05 12:36:30,192.168.1.14,success
2025-01-05 12:36:40,192.168.1.15,failed
2025-01-05 12:36:45,192.168.1.15,failed
2025-01-05 12:37:00,192.168.1.16,success
2025-01-05 12:37:10,192.168.1.11,failed
2025-01-05 12:37:15,192.168.1.11,failed
2025-01-05 12:37:20,192.168.1.17,success
2025-01-05 12:37:30,192.168.1.18,failed
2025-01-05 12:37:35,192.168.1.18,failed
2025-01-05 12:37:40,192.168.1.18,failed
2025-01-05 12:37:45,192.168.1.18,failed
2025-01-05 12:38:00,192.168.1.19,success
2025-01-05 12:38:10,192.168.1.20,failed
2025-01-05 12:38:15,192.168.1.20,failed
2025-01-05 12:38:20,192.168.1.20,failed
2025-01-05 12:38:30,192.168.1.21,failed
2025-01-05 12:38:35,192.168.1.21,success
2025-01-05 12:38:40,192.168.1.21,failed
2025-01-05 12:38:45,192.168.1.22,success
